timestamp,occupancy,speed
2015-09-08 10:44:00,3.61,94
2015-09-08 10:49:00,1.44,94
2015-09-08 10:59:00,4.28,80
2015-09-08 11:04:00,6.28,85
2015-09-08 11:09:00,4.61,92
2015-09-08 11:14:00,5.28,70
2015-09-08 11:19:00,2.06,83
2015-09-08 11:29:00,7.5,67
2015-09-08 11:34:00,8.39,98
2015-09-08 11:39:00,0.67,89
2015-09-08 11:49:00,2.94,102
2015-09-08 11:59:00,1.67,86
2015-09-08 12:14:00,5.44,78
2015-09-08 12:19:00,3.72,84
2015-09-08 12:24:00,3.5,93
2015-09-08 12:27:00,3.11,87
2015-09-08 12:32:00,5.78,87
2015-09-08 12:36:00,4.67,87
2015-09-08 12:46:00,9,77
2015-09-08 12:51:00,6.72,83
2015-09-08 12:56:00,1,80
2015-09-08 13:01:00,5.17,92
2015-09-08 13:06:00,8.89,91
2015-09-08 13:16:00,6.06,90
2015-09-08 13:26:00,1.39,85
2015-09-08 13:36:00,2.44,81
2015-09-08 13:41:00,3.44,74
2015-09-08 13:46:00,6.06,89
2015-09-08 13:51:00,1.78,80
2015-09-08 13:56:00,3.89,75
2015-09-08 14:00:00,5,83
2015-09-08 14:06:00,5,81
2015-09-08 14:11:00,10.28,84
2015-09-08 14:21:00,1.17,89
2015-09-08 14:31:00,4.67,95
2015-09-08 14:36:00,5,91
2015-09-08 14:41:00,5.39,61
2015-09-08 14:51:00,1.67,91
2015-09-08 14:56:00,4.39,88
2015-09-08 15:01:00,4.22,74
2015-09-08 15:06:00,4.5,91
2015-09-08 15:11:00,7.89,84
2015-09-08 15:16:00,4.28,91
2015-09-08 15:26:00,5.06,81
2015-09-08 15:29:00,2.72,89
2015-09-08 15:41:00,5.56,81
2015-09-08 16:15:00,6.83,92
2015-09-08 16:31:00,2.83,75
2015-09-08 16:36:00,3.44,90
2015-09-08 16:41:00,2.06,92
2015-09-08 16:46:00,7.06,72
2015-09-08 16:56:00,1.83,92
2015-09-08 17:06:00,7.72,106
2015-09-08 17:11:00,6.94,93
2015-09-08 17:21:00,5.28,94
2015-09-08 17:26:00,3.5,89
2015-09-08 17:31:00,5.83,93
2015-09-08 17:36:00,8.22,75
2015-09-08 17:46:00,6.33,82
2015-09-08 17:51:00,4.11,78
2015-09-08 17:56:00,5,84
2015-09-08 18:26:00,1.78,92
2015-09-08 18:31:00,7.89,78
2015-09-08 18:36:00,4.78,74
2015-09-08 18:41:00,2.72,95
2015-09-08 18:46:00,1,88
2015-09-08 18:56:00,1.17,68
2015-09-08 19:01:00,5.56,74
2015-09-08 19:06:00,1.28,75
2015-09-08 19:16:00,7.44,81
2015-09-08 19:26:00,2.44,82
2015-09-08 19:36:00,2.67,92
2015-09-08 19:41:00,4.39,67
2015-09-08 19:46:00,1.44,85
2015-09-08 19:51:00,1.56,87
2015-09-08 20:06:00,2.72,71
2015-09-08 20:11:00,2.67,81
2015-09-08 20:26:00,1.56,80
2015-09-08 20:36:00,2.94,88
2015-09-08 20:41:00,0.67,97
2015-09-08 20:46:00,1.44,62
2015-09-08 20:56:00,0.89,87
2015-09-08 21:06:00,1.78,92
2015-09-08 21:11:00,1.56,75
2015-09-08 21:16:00,0.89,63
2015-09-08 21:21:00,2.33,86
2015-09-08 21:46:00,0.22,77
2015-09-08 21:51:00,1.39,77
2015-09-08 21:56:00,0.5,82
2015-09-08 22:06:00,1.06,90
2015-09-08 22:12:00,0.67,93
2015-09-08 22:26:00,2.56,76
2015-09-08 22:36:00,1.17,74
2015-09-08 22:51:00,0.28,78
2015-09-08 22:56:00,3.33,83
2015-09-08 23:56:00,2.94,75
2015-09-09 00:26:00,1.67,81
2015-09-09 01:11:00,1.67,87
2015-09-09 01:51:00,0.61,71
2015-09-09 03:11:00,0.78,89
2015-09-09 06:04:00,12.28,84
2015-09-09 07:34:00,8.89,86
2015-09-09 09:20:00,5.06,92
2015-09-09 09:48:00,2.06,95
2015-09-09 09:53:00,6.44,87
2015-09-09 09:58:00,2.44,90
2015-09-09 10:03:00,4.67,86
2015-09-09 10:08:00,4.61,83
2015-09-09 10:18:00,5,86
2015-09-09 10:23:00,9.67,83
2015-09-09 10:33:00,4.67,78
2015-09-09 10:43:00,4.5,70
2015-09-09 10:53:00,3.83,69
2015-09-09 10:58:00,4.67,74
2015-09-09 11:08:00,5.39,76
2015-09-09 11:18:00,2.94,69
2015-09-09 11:23:00,3.06,77
2015-09-09 11:38:00,3.22,81
2015-09-09 11:43:00,2.94,81
2015-09-09 11:48:00,5.56,88
2015-09-09 11:58:00,4.89,85
2015-09-09 12:13:00,6.06,81
2015-09-09 12:23:00,2.56,96
2015-09-09 12:28:00,2.17,92
2015-09-09 12:43:00,3.06,82
2015-09-09 12:53:00,1.06,87
2015-09-09 12:58:00,5.17,77
2015-09-09 13:03:00,6.56,91
2015-09-09 13:13:00,1.44,91
2015-09-09 13:18:00,0.22,76
2015-09-09 13:23:00,1.67,97
2015-09-09 13:38:00,6.28,89
2015-09-09 13:48:00,2.67,75
2015-09-09 13:53:00,4.89,91
2015-09-09 14:08:00,2.06,79
2015-09-09 14:13:00,7.11,75
2015-09-09 14:18:00,2.06,90
2015-09-09 14:23:00,7.83,68
2015-09-09 14:33:00,3.5,94
2015-09-09 14:43:00,4.5,93
2015-09-09 15:03:00,3.06,71
2015-09-09 15:08:00,3.11,78
2015-09-09 15:13:00,11.06,78
2015-09-09 15:18:00,5.78,86
2015-09-09 15:23:00,6.56,78
2015-09-09 15:28:00,2.28,80
2015-09-09 15:33:00,7.22,84
2015-09-09 15:43:00,4.78,90
2015-09-09 15:48:00,5.56,81
2015-09-09 15:53:00,6.44,78
2015-09-09 15:58:00,3.44,75
2015-09-09 16:03:00,1.56,98
2015-09-09 16:08:00,5.39,86
2015-09-09 16:13:00,10.56,88
2015-09-09 16:23:00,8.5,92
2015-09-09 16:28:00,3.5,90
2015-09-09 16:38:00,6.17,80
2015-09-09 16:43:00,3.44,94
2015-09-09 16:48:00,5,78
2015-09-09 16:53:00,7.61,75
2015-09-09 16:58:00,3.83,79
2015-09-09 17:08:00,7.11,76
2015-09-09 17:13:00,5,86
2015-09-09 17:18:00,3.44,80
2015-09-09 17:23:00,7.22,87
2015-09-09 17:33:00,4.5,82
2015-09-09 17:48:00,3.61,74
2015-09-09 17:58:00,1.94,74
2015-09-09 18:03:00,2.56,79
2015-09-09 18:08:00,2.17,80
2015-09-09 18:18:00,3.22,83
2015-09-09 18:23:00,4.39,100
2015-09-09 18:28:00,1.17,78
2015-09-09 18:43:00,4.5,78
2015-09-09 18:48:00,1.56,89
2015-09-09 18:53:00,1.28,81
2015-09-09 19:03:00,2.56,79
2015-09-09 19:18:00,4.89,92
2015-09-09 19:33:00,4,78
2015-09-09 19:38:00,3.22,85
2015-09-09 19:43:00,2.06,77
2015-09-09 19:48:00,0.39,88
2015-09-09 19:58:00,1.67,81
2015-09-09 20:03:00,2.94,78
2015-09-09 20:08:00,4.11,83
2015-09-09 20:13:00,7.22,68
2015-09-09 20:18:00,0.61,68
2015-09-09 20:33:00,2.44,83
2015-09-09 20:38:00,1.44,81
2015-09-09 20:48:00,0.61,83
2015-09-09 20:58:00,1.56,94
2015-09-09 21:03:00,4,82
2015-09-09 21:08:00,1.06,64
2015-09-09 21:13:00,0.78,77
2015-09-09 21:18:00,1.67,78
2015-09-09 21:23:00,7.06,72
2015-09-09 21:33:00,1.94,61
2015-09-09 21:38:00,3.11,80
2015-09-09 21:43:00,2.94,57
2015-09-09 21:48:00,0.78,80
2015-09-09 22:03:00,0.61,73
2015-09-09 22:08:00,1,79
2015-09-09 22:13:00,0.78,65
2015-09-09 22:23:00,3.83,63
2015-09-09 22:28:00,1.28,68
2015-09-09 22:33:00,0.67,70
2015-09-09 22:38:00,1.06,72
2015-09-09 22:41:00,8.28,68
2015-09-09 22:46:00,2.83,76
2015-09-10 00:08:00,0.39,83
2015-09-10 00:23:00,3.61,81
2015-09-10 00:38:00,1.39,68
2015-09-10 00:53:00,0.5,68
2015-09-10 00:58:00,1.67,59
2015-09-10 01:03:00,1.06,57
2015-09-10 01:08:00,0.61,57
2015-09-10 01:13:00,2.17,63
2015-09-10 01:38:00,1.06,73
2015-09-10 01:58:00,2.17,76
2015-09-10 02:08:00,2.72,77
2015-09-10 02:18:00,0.39,69
2015-09-10 02:23:00,0.67,73
2015-09-10 02:28:00,0.89,70
2015-09-10 05:28:00,11.33,90
2015-09-10 05:33:00,6.72,85
2015-09-10 05:38:00,5.67,83
2015-09-10 05:45:00,6.44,78
2015-09-10 08:00:00,8.67,85
2015-09-10 08:13:00,9.06,77
2015-09-10 08:18:00,5.28,91
2015-09-10 08:23:00,12.28,88
2015-09-10 08:28:00,9.06,90
2015-09-10 08:33:00,8.89,92
2015-09-10 08:43:00,3.89,95
2015-09-10 08:48:00,2.94,74
2015-09-10 08:53:00,6.33,94
2015-09-10 08:58:00,6.56,58
2015-09-10 09:03:00,4.78,88
2015-09-10 09:08:00,3.61,87
2015-09-10 09:13:00,7.22,82
2015-09-10 09:18:00,10.72,85
2015-09-10 09:28:00,4.11,71
2015-09-10 09:33:00,6.06,86
2015-09-10 09:38:00,7.5,79
2015-09-10 09:43:00,1.94,78
2015-09-10 09:48:00,3.72,86
2015-09-10 09:52:00,6.06,81
2015-09-10 09:57:00,2.28,77
2015-09-10 10:02:00,1.67,74
2015-09-10 10:07:00,4,77
2015-09-10 10:17:00,10.56,98
2015-09-10 10:22:00,4.78,98
2015-09-10 10:27:00,4.28,69
2015-09-10 10:37:00,1.67,79
2015-09-10 10:42:00,4.39,85
2015-09-10 10:47:00,7.44,85
2015-09-10 10:52:00,1.39,88
2015-09-10 10:57:00,2.33,65
2015-09-10 11:02:00,7.06,81
2015-09-10 11:07:00,4.22,97
2015-09-10 11:12:00,1.56,90
2015-09-10 11:22:00,4,90
2015-09-10 11:32:00,1.44,95
2015-09-10 11:42:00,1.78,76
2015-09-10 11:47:00,6.56,78
2015-09-10 11:57:00,2.28,79
2015-09-10 12:02:00,5.78,79
2015-09-10 12:12:00,1.17,81
2015-09-10 12:17:00,3.22,81
2015-09-10 12:22:00,1.28,77
2015-09-10 12:57:00,2.44,87
2015-09-10 13:02:00,1.94,90
2015-09-10 13:07:00,6.44,81
2015-09-10 13:12:00,3.89,95
2015-09-10 13:17:00,2.06,87
2015-09-10 13:22:00,2.28,83
2015-09-10 13:27:00,6.44,78
2015-09-10 13:42:00,0.61,85
2015-09-10 13:47:00,2.17,85
2015-09-10 13:57:00,4.67,88
2015-09-10 14:02:00,7.61,94
2015-09-10 14:12:00,7.06,75
2015-09-10 14:37:00,1.94,74
2015-09-10 14:42:00,4.39,85
2015-09-10 14:47:00,5.06,81
2015-09-10 14:57:00,4.61,80
2015-09-10 15:02:00,1.78,86
2015-09-10 15:07:00,6.33,84
2015-09-10 15:12:00,4.39,95
2015-09-10 15:17:00,3.72,90
2015-09-10 15:22:00,5.83,86
2015-09-10 15:27:00,4.39,90
2015-09-10 15:32:00,3.5,92
2015-09-10 15:37:00,5.56,91
2015-09-10 15:42:00,2.28,82
2015-09-10 15:47:00,6.17,85
2015-09-10 15:52:00,3.72,72
2015-09-10 15:57:00,1.67,90
2015-09-10 16:02:00,5.06,75
2015-09-10 16:12:00,8.61,90
2015-09-10 16:17:00,8.11,77
2015-09-10 16:27:00,6.17,85
2015-09-10 16:32:00,5.17,81
2015-09-10 16:37:00,5.67,77
2015-09-10 16:42:00,8,89
2015-09-10 16:47:00,4.28,91
2015-09-10 16:57:00,4.5,84
2015-09-10 17:02:00,6.94,87
2015-09-10 17:17:00,5.44,84
2015-09-10 17:22:00,6.33,65
2015-09-10 17:27:00,7.33,78
2015-09-10 17:37:00,4.28,99
2015-09-10 17:42:00,5.83,75
2015-09-10 17:47:00,5.28,79
2015-09-10 17:52:00,9.28,88
2015-09-10 18:02:00,4.39,86
2015-09-10 18:07:00,6.06,86
2015-09-10 18:12:00,9.56,75
2015-09-10 18:17:00,5.67,87
2015-09-10 18:22:00,3.83,87
2015-09-10 18:27:00,2.83,77
2015-09-10 18:32:00,5.44,91
2015-09-10 18:42:00,8.61,81
2015-09-10 18:47:00,1.06,78
2015-09-10 18:52:00,5.28,76
2015-09-10 19:02:00,2.33,72
2015-09-10 19:07:00,2.33,79
2015-09-10 19:17:00,2.17,84
2015-09-10 19:27:00,5.06,68
2015-09-10 19:37:00,0.39,70
2015-09-10 19:47:00,1.83,90
2015-09-10 19:52:00,3.06,86
2015-09-10 20:02:00,5.06,82
2015-09-10 20:12:00,2.56,91
2015-09-10 20:28:00,3.11,81
2015-09-10 20:32:00,1.83,79
2015-09-10 20:43:00,1.83,81
2015-09-10 20:47:00,1.83,78
2015-09-10 20:57:00,3.11,84
2015-09-10 21:07:00,1.78,94
2015-09-10 21:12:00,2.33,81
2015-09-10 21:17:00,1.44,79
2015-09-10 21:32:00,3.44,83
2015-09-10 21:37:00,1.94,92
2015-09-10 21:42:00,0.22,89
2015-09-10 21:47:00,2.06,79
2015-09-10 22:12:00,3.5,81
2015-09-10 22:27:00,0.61,92
2015-09-10 22:32:00,1.44,90
2015-09-10 22:37:00,1.56,78
2015-09-10 22:47:00,0.28,85
2015-09-10 22:57:00,0.78,94
2015-09-10 23:02:00,0.89,84
2015-09-10 23:07:00,4,72
2015-09-10 23:37:00,2.33,78
2015-09-10 23:42:00,2.28,71
2015-09-10 23:57:00,1.44,65
2015-09-11 00:02:00,1.83,64
2015-09-11 00:22:00,1,69
2015-09-11 01:07:00,0.28,84
2015-09-11 01:17:00,0.78,77
2015-09-11 01:32:00,1.06,71
2015-09-11 01:42:00,0.39,72
2015-09-11 01:57:00,1.78,76
2015-09-11 02:12:00,0.67,80
2015-09-11 02:22:00,0.89,77
2015-09-11 02:32:00,1.67,70
2015-09-11 02:57:00,1.17,81
2015-09-11 03:12:00,0.5,85
2015-09-11 03:27:00,1.56,84
2015-09-11 03:32:00,0.78,86
2015-09-11 03:47:00,3.33,76
2015-09-11 04:07:00,0.61,83
2015-09-11 04:12:00,0.22,83
2015-09-11 04:17:00,3.5,76
2015-09-11 04:27:00,0.67,81
2015-09-11 04:47:00,2.72,73
2015-09-11 04:52:00,2.94,81
2015-09-11 05:17:00,3.61,95
2015-09-11 05:22:00,4.11,89
2015-09-11 05:32:00,2.67,85
2015-09-11 05:37:00,4.5,87
2015-09-11 05:42:00,6.44,96
2015-09-11 05:47:00,8.39,92
2015-09-11 05:52:00,7.06,88
2015-09-11 05:57:00,4.5,79
2015-09-11 06:02:00,8.39,83
2015-09-11 06:07:00,6.44,89
2015-09-11 06:12:00,11.5,90
2015-09-11 06:17:00,9.06,89
2015-09-11 06:22:00,5.44,81
2015-09-11 06:27:00,9.94,89
2015-09-11 06:32:00,12.5,87
2015-09-11 06:37:00,14.17,93
2015-09-11 06:42:00,12.11,79
2015-09-11 06:47:00,6.94,81
2015-09-11 06:52:00,14.33,82
2015-09-11 06:57:00,8.11,86
2015-09-11 07:02:00,13,86
2015-09-11 07:07:00,10.94,66
2015-09-11 07:12:00,11.83,77
2015-09-11 07:17:00,6.33,81
2015-09-11 07:22:00,10.44,79
2015-09-11 07:27:00,13.11,85
2015-09-11 07:32:00,12.78,82
2015-09-11 07:37:00,8.39,81
2015-09-11 07:42:00,11.33,90
2015-09-11 07:47:00,9.44,67
2015-09-11 07:57:00,7.44,84
2015-09-11 08:02:00,4.39,79
2015-09-11 08:07:00,9.06,74
2015-09-11 08:12:00,5.56,75
2015-09-11 08:17:00,4.39,86
2015-09-11 08:22:00,6.67,75
2015-09-11 08:27:00,9.56,75
2015-09-11 08:32:00,9.17,78
2015-09-11 08:37:00,5.28,84
2015-09-11 08:47:00,5.28,84
2015-09-11 08:52:00,3.5,80
2015-09-11 08:57:00,4.22,87
2015-09-11 09:02:00,5.17,87
2015-09-11 09:12:00,4.78,75
2015-09-11 09:17:00,5.28,81
2015-09-11 09:22:00,8.22,77
2015-09-11 09:27:00,0.89,99
2015-09-11 09:32:00,5.39,77
2015-09-11 09:37:00,0.28,86
2015-09-11 09:42:00,2.67,64
2015-09-11 10:02:00,2.33,73
2015-09-11 10:07:00,4.28,83
2015-09-11 10:17:00,7.11,72
2015-09-11 10:34:00,3.22,86
2015-09-11 10:44:00,3.72,86
2015-09-11 10:49:00,8,87
2015-09-11 10:54:00,1.39,90
2015-09-11 10:59:00,5.83,85
2015-09-11 11:04:00,3.61,82
2015-09-11 11:09:00,8.5,80
2015-09-11 11:14:00,6.28,93
2015-09-11 11:24:00,5.28,76
2015-09-11 11:29:00,1.67,83
2015-09-11 11:34:00,6.67,87
2015-09-11 11:39:00,2.06,81
2015-09-11 11:44:00,4.39,80
2015-09-11 11:49:00,3.89,83
2015-09-11 11:54:00,3.5,88
2015-09-11 11:59:00,5.28,73
2015-09-11 12:04:00,6.67,63
2015-09-11 12:09:00,3.83,76
2015-09-11 12:14:00,6.33,80
2015-09-11 12:19:00,5,82
2015-09-11 12:24:00,2.67,72
2015-09-11 12:29:00,1.78,81
2015-09-11 12:34:00,5.94,87
2015-09-11 12:44:00,3.89,83
2015-09-11 12:49:00,7.5,83
2015-09-11 12:54:00,1.94,91
2015-09-11 12:59:00,4.39,81
2015-09-11 13:04:00,4.28,76
2015-09-11 13:09:00,8.11,89
2015-09-11 13:19:00,7.44,86
2015-09-11 13:24:00,5.56,91
2015-09-11 13:29:00,3.89,75
2015-09-11 13:34:00,4.89,75
2015-09-11 13:39:00,5.83,89
2015-09-11 13:44:00,9.94,90
2015-09-11 13:49:00,9,78
2015-09-11 13:54:00,4.61,86
2015-09-11 13:59:00,5.78,80
2015-09-11 14:04:00,3.33,75
2015-09-11 14:09:00,2.56,78
2015-09-11 14:14:00,6.06,84
2015-09-11 14:19:00,4.39,77
2015-09-11 14:24:00,5.56,88
2015-09-11 14:29:00,1.94,69
2015-09-11 14:34:00,10.33,78
2015-09-11 14:39:00,4.11,81
2015-09-11 14:44:00,5.56,89
2015-09-11 14:49:00,10.17,82
2015-09-11 14:54:00,10.83,69
2015-09-11 14:59:00,6.72,76
2015-09-11 15:04:00,3.22,89
2015-09-11 15:19:00,10.06,78
2015-09-11 15:24:00,8.28,91
2015-09-11 15:29:00,7.22,75
2015-09-11 15:34:00,6.28,86
2015-09-11 15:39:00,4.61,92
2015-09-11 15:44:00,7.61,85
2015-09-11 15:49:00,3.5,85
2015-09-11 15:54:00,8.89,74
2015-09-11 15:59:00,2.67,82
2015-09-11 16:04:00,1.56,72
2015-09-11 16:09:00,5.94,63
2015-09-11 16:14:00,4.89,84
2015-09-11 16:19:00,7.11,85
2015-09-11 16:24:00,6.33,90
2015-09-11 16:29:00,8.28,53
2015-09-11 16:34:00,9.28,82
2015-09-11 16:39:00,6.83,80
2015-09-11 16:44:00,1.67,92
2015-09-11 16:49:00,4.67,80
2015-09-11 16:54:00,4.78,79
2015-09-11 16:59:00,10.33,83
2015-09-11 17:04:00,4.67,77
2015-09-11 17:09:00,3.72,79
2015-09-11 17:14:00,9.78,76
2015-09-11 17:19:00,7.61,89
2015-09-11 17:24:00,6.56,85
2015-09-11 17:29:00,5.56,91
2015-09-11 17:34:00,4.78,77
2015-09-11 17:39:00,7.11,84
2015-09-11 17:44:00,6.83,81
2015-09-11 17:49:00,3.06,85
2015-09-11 17:54:00,5.44,94
2015-09-11 17:59:00,7.5,80
2015-09-11 18:04:00,5.83,87
2015-09-11 18:11:00,5.06,80
2015-09-11 18:16:00,3.5,79
2015-09-11 18:21:00,6.33,71
2015-09-11 18:26:00,3.44,84
2015-09-11 18:31:00,2.83,85
2015-09-11 18:36:00,4.5,91
2015-09-11 18:41:00,1.78,97
2015-09-11 18:46:00,2.83,79
2015-09-11 18:51:00,3.72,89
2015-09-11 18:56:00,3.44,77
2015-09-11 19:01:00,1.28,81
2015-09-11 19:06:00,1.67,82
2015-09-11 19:11:00,3.22,73
2015-09-11 19:21:00,4.39,90
2015-09-11 19:31:00,1.94,89
2015-09-11 19:41:00,3.11,93
2015-09-11 19:46:00,6.06,86
2015-09-11 19:51:00,8.39,75
2015-09-11 20:11:00,1.39,77
2015-09-11 20:26:00,5.17,92
2015-09-11 20:31:00,2.44,65
2015-09-11 20:36:00,7.83,84
2015-09-11 20:41:00,2.33,94
2015-09-11 20:46:00,1.39,71
2015-09-11 20:51:00,2.28,70
2015-09-11 20:56:00,2.44,85
2015-09-11 21:01:00,1.39,93
2015-09-11 21:06:00,0.78,93
2015-09-11 21:21:00,3.06,84
2015-09-11 21:26:00,0.78,76
2015-09-11 21:36:00,1.39,95
2015-09-11 21:46:00,2.28,90
2015-09-11 21:51:00,5.06,72
2015-09-11 22:06:00,2.72,83
2015-09-11 22:11:00,4.67,77
2015-09-11 22:21:00,2.06,83
2015-09-11 22:41:00,3.06,80
2015-09-11 22:46:00,5.06,76
2015-09-11 22:56:00,0.78,84
2015-09-11 23:01:00,2.28,82
2015-09-11 23:11:00,1,77
2015-09-11 23:16:00,0.78,69
2015-09-11 23:36:00,1.06,86
2015-09-11 23:41:00,0,100
2015-09-12 00:11:00,0.78,71
2015-09-12 00:26:00,3.61,62
2015-09-12 00:31:00,0.67,72
2015-09-12 00:41:00,1.67,62
2015-09-12 00:46:00,0,56
2015-09-12 00:51:00,0,55
2015-09-12 01:01:00,0.89,68
2015-09-12 01:26:00,0.89,95
2015-09-12 01:31:00,0.61,94
2015-09-12 02:21:00,1.67,70
2015-09-12 02:56:00,2.44,78
2015-09-12 03:46:00,3.33,92
2015-09-12 03:56:00,0.5,91
2015-09-12 04:06:00,0,90
2015-09-12 04:36:00,0,70
2015-09-12 04:41:00,0.22,72
2015-09-12 04:51:00,1.67,73
2015-09-12 05:06:00,0.39,84
2015-09-12 05:21:00,1.39,80
2015-09-12 05:41:00,1.39,82
2015-09-12 05:46:00,1.94,76
2015-09-12 05:56:00,4.11,71
2015-09-12 06:06:00,1.56,84
2015-09-12 06:16:00,2.06,84
2015-09-12 06:26:00,3.61,92
2015-09-12 06:51:00,0.28,91
2015-09-12 06:56:00,2.83,82
2015-09-12 07:01:00,3.61,80
2015-09-12 07:16:00,5.06,90
2015-09-12 07:21:00,2.28,100
2015-09-12 07:31:00,3.06,98
2015-09-12 07:36:00,2.44,83
2015-09-12 07:46:00,2.17,82
2015-09-12 07:51:00,1.67,91
2015-09-12 07:56:00,5.44,88
2015-09-12 08:06:00,3.44,85
2015-09-12 08:11:00,2.72,88
2015-09-12 08:16:00,3.11,79
2015-09-12 08:21:00,2.06,97
2015-09-12 08:26:00,2.06,74
2015-09-12 08:31:00,2.17,97
2015-09-12 08:36:00,0.89,83
2015-09-12 08:46:00,8.61,69
2015-09-12 08:56:00,2.44,86
2015-09-12 09:01:00,2.72,80
2015-09-12 09:06:00,7.11,95
2015-09-12 09:11:00,2.72,87
2015-09-12 09:16:00,1.39,96
2015-09-12 09:21:00,2.67,100
2015-09-12 09:26:00,1.28,102
2015-09-12 09:36:00,5.94,91
2015-09-12 09:41:00,1.94,80
2015-09-12 09:51:00,2.33,97
2015-09-12 10:01:00,2.56,90
2015-09-12 10:06:00,3.22,78
2015-09-12 10:11:00,3.89,109
2015-09-12 10:16:00,1.94,98
2015-09-12 10:21:00,5.28,85
2015-09-12 10:31:00,3.83,93
2015-09-12 10:36:00,3.61,94
2015-09-12 10:41:00,8.61,99
2015-09-12 10:46:00,12.5,80
2015-09-12 10:51:00,5.17,90
2015-09-12 10:56:00,3.33,91
2015-09-12 11:01:00,4.78,84
2015-09-12 11:06:00,2.33,92
2015-09-12 11:11:00,5.39,95
2015-09-12 11:16:00,6.72,86
2015-09-12 11:21:00,4.22,81
2015-09-12 11:26:00,3.11,97
2015-09-12 11:31:00,8.89,86
2015-09-12 11:36:00,7.22,82
2015-09-12 11:46:00,8.78,81
2015-09-12 11:51:00,11.89,81
2015-09-12 11:56:00,6.06,77
2015-09-12 12:01:00,5.78,89
2015-09-12 12:16:00,3.83,89
2015-09-12 12:21:00,7.72,87
2015-09-12 12:26:00,4.78,76
2015-09-12 12:31:00,6.17,99
2015-09-12 12:36:00,6.17,94
2015-09-12 12:41:00,11.11,90
2015-09-12 12:46:00,5.78,97
2015-09-12 12:51:00,3.72,79
2015-09-12 12:56:00,4.67,86
2015-09-12 13:01:00,5,89
2015-09-12 13:11:00,2.33,84
2015-09-12 13:16:00,6.28,76
2015-09-12 13:21:00,6.56,80
2015-09-12 13:31:00,8.28,87
2015-09-12 13:41:00,6.83,80
2015-09-12 13:46:00,4.5,72
2015-09-12 13:56:00,5.94,85
2015-09-12 14:01:00,7.22,82
2015-09-12 14:06:00,4,89
2015-09-12 14:11:00,5.67,86
2015-09-12 14:16:00,3.89,81
2015-09-12 14:21:00,5,98
2015-09-12 14:26:00,5.17,87
2015-09-12 14:31:00,4.22,79
2015-09-12 14:36:00,8,85
2015-09-12 14:41:00,7.06,83
2015-09-12 14:46:00,4.67,81
2015-09-12 14:51:00,6.06,98
2015-09-12 14:56:00,7.5,86
2015-09-12 15:01:00,2.17,72
2015-09-12 15:06:00,6.28,89
2015-09-12 15:11:00,0.67,94
2015-09-12 15:21:00,5.39,93
2015-09-12 15:26:00,5.44,86
2015-09-12 15:36:00,4.89,80
2015-09-12 15:41:00,6.83,88
2015-09-12 15:46:00,8.28,82
2015-09-12 15:51:00,1.83,87
2015-09-12 15:56:00,2.33,88
2015-09-12 16:01:00,6.17,76
2015-09-12 16:06:00,2.94,67
2015-09-12 16:11:00,2.72,79
2015-09-12 16:16:00,3.22,87
2015-09-12 16:21:00,4.28,75
2015-09-12 16:26:00,4.22,86
2015-09-12 16:36:00,3.11,92
2015-09-12 16:41:00,2.28,81
2015-09-12 16:46:00,2.06,91
2015-09-12 16:56:00,2.56,85
2015-09-12 17:01:00,2.94,83
2015-09-12 17:06:00,7.89,96
2015-09-12 17:11:00,1.83,78
2015-09-12 17:16:00,2.72,85
2015-09-12 17:21:00,1.78,68
2015-09-12 17:26:00,2.44,77
2015-09-12 17:31:00,3.61,88
2015-09-12 17:36:00,5.67,79
2015-09-12 17:41:00,3.22,96
2015-09-12 17:46:00,1.94,88
2015-09-12 17:51:00,3.72,89
2015-09-12 17:56:00,3.11,89
2015-09-12 18:01:00,2.83,92
2015-09-12 18:06:00,0,97
2015-09-12 18:11:00,3.61,86
2015-09-12 18:16:00,1.39,86
2015-09-12 18:21:00,3.33,82
2015-09-12 18:26:00,2.72,81
2015-09-12 18:36:00,3.83,76
2015-09-12 18:41:00,2.17,96
2015-09-12 18:46:00,1.39,79
2015-09-12 18:51:00,6.94,97
2015-09-12 19:01:00,2.67,80
2015-09-12 19:06:00,1.56,96
2015-09-12 19:21:00,7.22,94
2015-09-12 19:31:00,5.39,75
2015-09-12 19:36:00,5.39,88
2015-09-12 19:41:00,5.44,89
2015-09-12 19:51:00,3.44,88
2015-09-12 19:56:00,3.5,93
2015-09-12 20:01:00,5.83,80
2015-09-12 20:11:00,3.72,91
2015-09-12 20:21:00,0.67,93
2015-09-12 20:31:00,4.89,88
2015-09-12 20:36:00,2.17,85
2015-09-12 20:46:00,1.94,86
2015-09-12 21:01:00,7.22,87
2015-09-12 21:06:00,3.5,91
2015-09-12 21:11:00,2.94,84
2015-09-12 21:16:00,6.17,80
2015-09-12 21:21:00,3.5,86
2015-09-12 21:26:00,0.28,88
2015-09-12 21:31:00,1.39,74
2015-09-12 21:46:00,0.61,78
2015-09-12 21:56:00,4.22,84
2015-09-12 22:11:00,0.61,88
2015-09-12 22:16:00,5.28,65
2015-09-12 22:21:00,2.33,86
2015-09-12 22:26:00,1.94,87
2015-09-12 22:36:00,0.61,82
2015-09-12 22:41:00,2.33,85
2015-09-12 22:46:00,2.72,91
2015-09-12 22:56:00,2.28,81
2015-09-12 23:01:00,3.11,83
2015-09-12 23:11:00,0.89,93
2015-09-12 23:26:00,1.94,100
2015-09-12 23:31:00,0.67,90
2015-09-12 23:41:00,2.44,88
2015-09-12 23:51:00,1.56,91
2015-09-13 00:16:00,0.67,79
2015-09-13 00:21:00,1.06,85
2015-09-13 00:26:00,2.06,81
2015-09-13 02:21:00,1.83,87
2015-09-13 02:26:00,1.17,86
2015-09-13 02:36:00,0.78,74
2015-09-13 02:56:00,1.06,77
2015-09-13 04:41:00,0.89,84
2015-09-13 04:46:00,0.61,84
2015-09-13 04:51:00,0.89,90
2015-09-13 05:21:00,0.39,86
2015-09-13 06:11:00,1.17,90
2015-09-13 06:21:00,1.17,96
2015-09-13 06:41:00,1.28,80
2015-09-13 06:46:00,1.78,84
2015-09-13 06:51:00,0.89,84
2015-09-13 07:11:00,1.83,84
2015-09-13 07:16:00,1.28,82
2015-09-13 07:21:00,4.28,86
2015-09-13 07:36:00,0.39,82
2015-09-13 07:46:00,3.33,85
2015-09-13 07:56:00,0,96
2015-09-13 08:01:00,2.28,91
2015-09-13 08:16:00,0.22,85
2015-09-13 08:31:00,2.33,97
2015-09-13 08:41:00,1.56,82
2015-09-13 08:56:00,3.61,80
2015-09-13 09:06:00,3.22,95
2015-09-13 09:11:00,1.28,88
2015-09-13 09:16:00,2.67,89
2015-09-13 09:31:00,2.94,95
2015-09-13 09:36:00,4.22,87
2015-09-13 09:46:00,4,79
2015-09-13 09:51:00,1.78,73
2015-09-13 10:01:00,0.5,89
2015-09-13 10:06:00,3.5,87
2015-09-13 10:11:00,3.33,74
2015-09-13 10:16:00,8.22,84
2015-09-13 10:21:00,4.39,94
2015-09-13 10:26:00,2.44,91
2015-09-13 10:31:00,4,85
2015-09-13 10:36:00,7.11,79
2015-09-13 10:41:00,5.39,74
2015-09-13 10:46:00,2.06,84
2015-09-13 10:51:00,7.72,92
2015-09-13 10:56:00,1.78,83
2015-09-13 11:06:00,6.94,80
2015-09-13 11:11:00,4.67,94
2015-09-13 11:16:00,6.56,67
2015-09-13 11:26:00,7.89,77
2015-09-13 11:31:00,9.28,85
2015-09-13 11:36:00,5,84
2015-09-13 11:41:00,3.89,90
2015-09-13 11:46:00,1.78,89
2015-09-13 11:51:00,4.67,82
2015-09-13 11:56:00,4.39,86
2015-09-13 12:01:00,6.83,77
2015-09-13 12:06:00,5.94,81
2015-09-13 12:11:00,4.61,90
2015-09-13 12:16:00,8.11,84
2015-09-13 12:21:00,4,81
2015-09-13 12:26:00,10.72,91
2015-09-13 12:31:00,2.44,81
2015-09-13 12:41:00,3.72,77
2015-09-13 12:46:00,8.22,78
2015-09-13 12:53:00,2.67,101
2015-09-13 12:58:00,7.06,70
2015-09-13 13:03:00,13.28,84
2015-09-13 13:08:00,5,88
2015-09-13 13:13:00,8.39,93
2015-09-13 13:18:00,8.89,87
2015-09-13 13:23:00,7.33,96
2015-09-13 13:33:00,12.28,72
2015-09-13 13:38:00,11.33,86
2015-09-13 13:43:00,6.28,97
2015-09-13 13:48:00,6.17,83
2015-09-13 13:53:00,9.06,87
2015-09-13 13:58:00,4.22,86
2015-09-13 14:03:00,6.83,103
2015-09-13 14:13:00,7.72,89
2015-09-13 14:18:00,7.11,82
2015-09-13 14:28:00,3.5,88
2015-09-13 14:38:00,4.28,84
2015-09-13 14:43:00,7.44,89
2015-09-13 14:48:00,5.94,85
2015-09-13 14:53:00,5.17,90
2015-09-13 15:03:00,10.83,84
2015-09-13 15:13:00,2.56,87
2015-09-13 15:18:00,8.11,91
2015-09-13 15:23:00,10.67,77
2015-09-13 15:28:00,6.56,87
2015-09-13 15:33:00,8.22,82
2015-09-13 15:43:00,9.83,82
2015-09-13 15:48:00,5.67,85
2015-09-13 15:53:00,6.83,79
2015-09-13 15:58:00,7.33,94
2015-09-13 16:03:00,7.06,86
2015-09-13 16:08:00,7.11,74
2015-09-13 16:13:00,3.83,83
2015-09-13 16:18:00,5.83,79
2015-09-13 16:23:00,11.06,83
2015-09-13 16:28:00,11.83,85
2015-09-13 16:33:00,6.06,80
2015-09-13 16:38:00,6.56,81
2015-09-13 16:43:00,8.61,81
2015-09-13 16:48:00,8.67,91
2015-09-13 16:58:00,8.78,86
2015-09-13 17:03:00,9.28,86
2015-09-13 17:08:00,9,82
2015-09-13 17:13:00,9.44,89
2015-09-13 17:18:00,5.17,82
2015-09-13 17:23:00,4.28,76
2015-09-13 17:28:00,2.94,94
2015-09-13 17:33:00,10.17,90
2015-09-13 17:38:00,10.67,89
2015-09-13 17:43:00,6.72,91
2015-09-13 17:48:00,10.06,87
2015-09-13 17:53:00,5.28,79
2015-09-13 17:58:00,5.56,94
2015-09-13 18:03:00,5.17,79
2015-09-13 18:08:00,10.67,84
2015-09-13 18:13:00,5.06,82
2015-09-13 18:18:00,3.11,80
2015-09-13 18:23:00,10.72,88
2015-09-13 18:28:00,7.22,84
2015-09-13 18:33:00,5,90
2015-09-13 18:38:00,10.67,86
2015-09-13 18:43:00,1.67,80
2015-09-13 18:48:00,5.56,74
2015-09-13 18:53:00,10.28,88
2015-09-13 18:58:00,11.06,95
2015-09-13 19:03:00,5.44,85
2015-09-13 19:13:00,4.89,76
2015-09-13 19:18:00,10.28,93
2015-09-13 19:23:00,6.67,80
2015-09-13 19:33:00,0.67,88
2015-09-13 19:38:00,5.17,83
2015-09-13 19:43:00,4,77
2015-09-13 19:48:00,2.56,94
2015-09-13 19:53:00,2.67,94
2015-09-13 19:58:00,4.11,86
2015-09-13 20:03:00,4.11,74
2015-09-13 20:08:00,7.61,68
2015-09-13 20:13:00,3.11,76
2015-09-13 20:18:00,9,77
2015-09-13 20:28:00,2.44,89
2015-09-13 20:33:00,2.67,87
2015-09-13 20:38:00,2.94,79
2015-09-13 20:48:00,1.39,72
2015-09-13 20:53:00,2.67,77
2015-09-13 20:58:00,1.17,91
2015-09-13 21:03:00,3.22,89
2015-09-13 21:08:00,1.44,94
2015-09-13 21:13:00,2.06,69
2015-09-13 21:18:00,1.44,85
2015-09-13 21:43:00,3.06,79
2015-09-13 22:03:00,1.44,88
2015-09-13 22:13:00,3.44,81
2015-09-13 22:28:00,1.67,79
2015-09-13 22:33:00,1.44,87
2015-09-13 22:38:00,1.67,78
2015-09-13 22:43:00,0.22,88
2015-09-13 22:48:00,0.28,93
2015-09-13 22:58:00,2.44,79
2015-09-13 23:03:00,0.67,71
2015-09-13 23:13:00,0.78,78
2015-09-13 23:18:00,1,87
2015-09-13 23:28:00,0.39,79
2015-09-13 23:33:00,0.67,77
2015-09-13 23:38:00,0.78,79
2015-09-13 23:48:00,1.06,79
2015-09-13 23:59:00,0.67,69
2015-09-14 00:03:00,2.94,71
2015-09-14 00:18:00,0.78,82
2015-09-14 00:33:00,0.39,89
2015-09-14 01:08:00,2.28,80
2015-09-14 01:33:00,3.5,76
2015-09-14 01:53:00,0.89,81
2015-09-14 01:58:00,0.28,81
2015-09-14 02:08:00,0,86
2015-09-14 02:23:00,0.67,88
2015-09-14 02:28:00,1.28,83
2015-09-14 02:33:00,1.06,76
2015-09-14 02:48:00,0.5,76
2015-09-14 02:53:00,0.78,81
2015-09-14 03:18:00,0.78,74
2015-09-14 03:33:00,0.78,72
2015-09-14 03:38:00,0,67
2015-09-14 03:43:00,1,71
2015-09-14 03:48:00,0,77
2015-09-14 04:03:00,0.61,77
2015-09-14 04:08:00,0.22,68
2015-09-14 04:23:00,0.39,80
2015-09-14 04:28:00,1.06,74
2015-09-14 04:43:00,1.44,97
2015-09-14 04:48:00,0.78,90
2015-09-14 04:53:00,4.5,89
2015-09-14 04:58:00,2.33,68
2015-09-14 05:03:00,1.67,84
2015-09-14 05:08:00,3.33,81
2015-09-14 05:13:00,5.44,95
2015-09-14 05:18:00,2.94,76
2015-09-14 05:23:00,10.33,76
2015-09-14 05:28:00,6.56,76
2015-09-14 05:33:00,5.28,87
2015-09-14 05:38:00,6.17,86
2015-09-14 05:43:00,8.39,84
2015-09-14 05:48:00,3.72,93
2015-09-14 05:53:00,5.83,78
2015-09-14 05:58:00,8.22,91
2015-09-14 06:03:00,9,87
2015-09-14 06:08:00,16.72,81
2015-09-14 06:13:00,10.33,86
2015-09-14 06:18:00,8.5,86
2015-09-14 06:23:00,13.56,71
2015-09-14 06:28:00,18.33,85
2015-09-14 06:33:00,9.83,81
2015-09-14 06:38:00,9.06,76
2015-09-14 06:43:00,17.11,91
2015-09-14 08:23:00,9.83,90
2015-09-14 08:28:00,8,82
2015-09-14 08:33:00,8.78,79
2015-09-14 08:38:00,9.28,87
2015-09-14 08:43:00,4.28,88
2015-09-14 08:48:00,6.44,86
2015-09-14 08:53:00,3.83,83
2015-09-14 08:58:00,7.5,82
2015-09-14 09:03:00,1.06,87
2015-09-14 09:08:00,1.17,86
2015-09-14 09:13:00,6.72,74
2015-09-14 09:23:00,3.33,78
2015-09-14 09:28:00,2.44,85
2015-09-14 09:33:00,5.83,69
2015-09-14 09:38:00,5.28,80
2015-09-14 09:43:00,4.61,77
2015-09-14 09:48:00,3.06,83
2015-09-14 09:53:00,1.17,82
2015-09-14 09:58:00,2.28,87
2015-09-14 10:03:00,4.11,88
2015-09-14 10:08:00,2.72,85
2015-09-14 10:13:00,3.5,75
2015-09-14 10:18:00,2.17,95
2015-09-14 10:23:00,6.83,93
2015-09-14 10:28:00,8.61,85
2015-09-14 10:33:00,1.83,77
2015-09-14 10:38:00,4.5,81
2015-09-14 10:43:00,5.06,78
2015-09-14 10:48:00,4.89,78
2015-09-14 10:53:00,1.78,79
2015-09-14 10:58:00,2.44,92
2015-09-14 11:03:00,2.44,75
2015-09-14 11:23:00,4,75
2015-09-14 11:33:00,4.22,70
2015-09-14 11:38:00,3.33,79
2015-09-14 11:48:00,4.11,73
2015-09-14 11:53:00,5,87
2015-09-14 11:58:00,1.67,84
2015-09-14 12:03:00,1,79
2015-09-14 12:08:00,3.72,74
2015-09-14 12:13:00,4.61,64
2015-09-14 12:18:00,2.06,82
2015-09-14 12:23:00,5.39,86
2015-09-14 12:28:00,5,98
2015-09-14 12:33:00,4.5,92
2015-09-14 12:38:00,2.17,86
2015-09-14 12:43:00,1.06,80
2015-09-14 12:48:00,7.44,88
2015-09-14 13:03:00,1.83,76
2015-09-14 13:08:00,3.72,75
2015-09-14 13:13:00,2.94,90
2015-09-14 13:15:00,3.61,79
2015-09-14 13:20:00,2.17,90
2015-09-14 13:25:00,7.11,76
2015-09-14 13:35:00,3.06,92
2015-09-14 13:40:00,3.22,84
2015-09-14 13:45:00,6.17,87
2015-09-14 13:55:00,4.5,89
2015-09-14 14:00:00,4.28,63
2015-09-14 14:05:00,4.39,78
2015-09-14 14:10:00,7.33,83
2015-09-14 14:15:00,5,74
2015-09-14 14:20:00,2.28,99
2015-09-14 14:25:00,4.22,73
2015-09-14 14:30:00,1.28,92
2015-09-14 14:35:00,6.56,88
2015-09-14 14:40:00,5,84
2015-09-14 14:45:00,5.17,86
2015-09-14 14:50:00,5.06,88
2015-09-14 14:55:00,4.78,92
2015-09-14 15:00:00,1.83,82
2015-09-14 15:05:00,4.39,87
2015-09-14 15:10:00,5.94,87
2015-09-14 15:15:00,6.44,92
2015-09-14 15:20:00,1.28,79
2015-09-14 15:25:00,2.06,91
2015-09-14 15:30:00,1.94,82
2015-09-14 15:35:00,5.56,94
2015-09-14 15:40:00,4.78,87
2015-09-14 15:45:00,3.33,78
2015-09-14 15:50:00,3.22,81
2015-09-14 15:55:00,3.11,77
2015-09-14 16:00:00,3.72,81
2015-09-14 16:05:00,3.11,82
2015-09-14 16:10:00,3.22,71
2015-09-14 16:15:00,3.11,81
2015-09-14 16:20:00,2.17,83
2015-09-14 16:25:00,6.06,82
2015-09-14 16:30:00,1.83,93
2015-09-14 16:35:00,2.72,84
2015-09-14 16:40:00,3.72,94
2015-09-14 16:45:00,2.33,74
2015-09-14 16:50:00,6.72,87
2015-09-14 16:55:00,5.06,76
2015-09-14 17:00:00,4.28,98
2015-09-14 17:10:00,4.11,84
2015-09-14 17:15:00,6.44,80
2015-09-14 17:20:00,5.67,83
2015-09-14 17:25:00,7.5,66
2015-09-14 17:30:00,5.17,73
2015-09-14 17:35:00,3.22,84
2015-09-14 17:40:00,2.94,88
2015-09-14 17:45:00,3.11,69
2015-09-14 17:50:00,4.67,91
2015-09-14 17:55:00,1.56,86
2015-09-14 18:00:00,3.11,79
2015-09-14 18:05:00,1.17,83
2015-09-14 18:10:00,3.83,84
2015-09-14 18:15:00,5.78,71
2015-09-14 18:20:00,3.5,80
2015-09-14 18:25:00,2.06,63
2015-09-14 18:30:00,1.56,83
2015-09-14 18:35:00,2.94,85
2015-09-14 18:45:00,2.94,82
2015-09-14 18:50:00,5.44,90
2015-09-14 18:55:00,3.61,88
2015-09-14 19:01:00,1.78,86
2015-09-14 19:05:00,1.39,83
2015-09-14 19:10:00,2.33,87
2015-09-14 19:15:00,1.83,90
2015-09-14 19:20:00,2.72,86
2015-09-14 19:30:00,0.89,76
2015-09-14 19:35:00,1.39,85
2015-09-14 19:40:00,2.44,90
2015-09-14 19:45:00,1.78,73
2015-09-14 19:50:00,4.67,80
2015-09-14 19:55:00,3.11,83
2015-09-14 20:05:00,1.94,94
2015-09-14 20:10:00,2.44,78
2015-09-14 20:15:00,1.78,83
2015-09-14 20:20:00,1.28,74
2015-09-14 20:25:00,1.39,81
2015-09-14 20:30:00,1.78,82
2015-09-14 20:50:00,1.78,87
2015-09-14 20:55:00,1.56,86
2015-09-14 20:59:00,2.56,83
2015-09-14 21:05:00,2.33,56
2015-09-14 21:10:00,2.33,76
2015-09-14 21:25:00,4.61,82
2015-09-14 21:35:00,0.5,78
2015-09-14 21:45:00,2.17,91
2015-09-14 21:50:00,0.89,89
2015-09-14 21:55:00,1.94,87
2015-09-14 22:01:00,1.17,82
2015-09-14 22:06:00,1.06,74
2015-09-14 22:11:00,1,78
2015-09-14 22:16:00,2.33,82
2015-09-14 22:21:00,0.67,87
2015-09-14 22:25:00,2.06,66
2015-09-14 22:30:00,1.17,76
2015-09-14 22:40:00,0.61,79
2015-09-14 23:01:00,1,75
2015-09-14 23:06:00,0.78,84
2015-09-14 23:11:00,0.67,78
2015-09-14 23:15:00,0.39,85
2015-09-14 23:26:00,0.28,94
2015-09-14 23:31:00,0.89,75
2015-09-14 23:36:00,0.61,75
2015-09-14 23:41:00,0.39,70
2015-09-14 23:51:00,0.39,65
2015-09-14 23:56:00,1.67,58
2015-09-15 00:06:00,1,60
2015-09-15 00:11:00,0,60
2015-09-15 00:16:00,0,59
2015-09-15 00:20:00,1.67,57
2015-09-15 00:40:00,0.5,66
2015-09-15 00:56:00,2.17,75
2015-09-15 01:10:00,0.89,73
2015-09-15 01:15:00,0.61,65
2015-09-15 01:25:00,0,68
2015-09-15 01:35:00,0.39,74
2015-09-15 01:40:00,0.78,75
2015-09-15 01:45:00,1,72
2015-09-15 01:50:00,0.89,65
2015-09-15 01:55:00,0.28,66
2015-09-15 02:06:00,0,61
2015-09-15 02:11:00,0.78,67
2015-09-15 02:31:00,0,88
2015-09-15 02:41:00,1,80
2015-09-15 02:56:00,2.44,74
2015-09-15 03:01:00,0.89,73
2015-09-15 03:10:00,0.67,64
2015-09-15 03:20:00,0.28,82
2015-09-15 03:25:00,0.28,77
2015-09-15 03:30:00,0.61,87
2015-09-15 03:40:00,0.78,87
2015-09-15 03:45:00,1.06,91
2015-09-15 03:50:00,1.17,87
2015-09-15 04:01:00,1.39,75
2015-09-15 04:06:00,1.28,71
2015-09-15 04:10:00,1,67
2015-09-15 04:16:00,1,85
2015-09-15 04:21:00,1.67,85
2015-09-15 04:26:00,2.28,90
2015-09-15 04:31:00,0.78,88
2015-09-15 04:35:00,0.61,86
2015-09-15 04:46:00,2.06,86
2015-09-15 04:51:00,2.28,70
2015-09-15 04:55:00,3.44,78
2015-09-15 05:01:00,3.11,79
2015-09-15 05:05:00,2.67,87
2015-09-15 05:10:00,3.33,87
2015-09-15 05:15:00,3.61,79
2015-09-15 05:20:00,3.72,78
2015-09-15 05:26:00,8.22,79
2015-09-15 05:31:00,8.28,73
2015-09-15 05:36:00,5.06,85
2015-09-15 05:46:00,3.89,82
2015-09-15 05:51:00,2.56,95
2015-09-15 05:55:00,7.33,85
2015-09-15 06:00:00,9.83,89
2015-09-15 06:05:00,8.78,90
2015-09-15 06:10:00,11.72,94
2015-09-15 06:16:00,14.28,80
2015-09-15 06:20:00,9.94,89
2015-09-15 06:25:00,13.94,87
2015-09-15 06:30:00,14.17,84
2015-09-15 06:35:00,11.11,96
2015-09-15 06:41:00,17.94,80
2015-09-15 06:45:00,7.61,79
2015-09-15 06:50:00,6.67,80
2015-09-15 06:55:00,22.28,64
2015-09-15 07:00:00,13.78,74
2015-09-15 07:06:00,14.17,81
2015-09-15 07:11:00,15.94,83
2015-09-15 07:16:00,8.61,89
2015-09-15 07:21:00,17.39,86
2015-09-15 07:26:00,13.39,88
2015-09-15 07:31:00,9.83,78
2015-09-15 07:36:00,12.28,85
2015-09-15 07:41:00,14.44,84
2015-09-15 07:46:00,9.83,70
2015-09-15 07:51:00,10.17,72
2015-09-15 07:56:00,9.56,97
2015-09-15 08:01:00,8.89,91
2015-09-15 08:06:00,8.67,83
2015-09-15 08:11:00,4,74
2015-09-15 08:16:00,8.39,91
2015-09-15 08:21:00,12.78,71
2015-09-15 08:26:00,6.33,88
2015-09-15 08:31:00,3.44,95
2015-09-15 08:36:00,4.5,80
2015-09-15 08:41:00,3.89,73
2015-09-15 08:46:00,5.83,83
2015-09-15 08:51:00,4.78,78
2015-09-15 08:56:00,5.78,75
2015-09-15 09:01:00,5.39,75
2015-09-15 09:06:00,4.11,61
2015-09-15 09:11:00,1.94,96
2015-09-15 09:16:00,5.67,84
2015-09-15 09:21:00,3.72,82
2015-09-15 09:26:00,7.89,74
2015-09-15 09:31:00,5.56,86
2015-09-15 09:36:00,4.22,70
2015-09-15 09:41:00,4.11,91
2015-09-15 09:46:00,13.28,72
2015-09-15 09:51:00,4.61,79
2015-09-15 10:01:00,0.22,79
2015-09-15 10:06:00,7.89,80
2015-09-15 10:11:00,5,85
2015-09-15 10:21:00,0.89,89
2015-09-15 10:31:00,2.17,91
2015-09-15 10:36:00,3.11,78
2015-09-15 10:41:00,2.72,91
2015-09-15 10:46:00,6.44,84
2015-09-15 10:51:00,3.89,72
2015-09-15 11:01:00,5.28,82
2015-09-15 11:06:00,2.17,82
2015-09-15 11:11:00,7.83,82
2015-09-15 11:16:00,4.39,81
2015-09-15 11:21:00,3.72,84
2015-09-15 11:26:00,1.67,92
2015-09-15 11:31:00,4.22,99
2015-09-15 11:36:00,6.28,82
2015-09-15 11:41:00,1.39,82
2015-09-15 11:46:00,3.5,76
2015-09-15 11:51:00,3.89,65
2015-09-15 11:56:00,4.39,87
2015-09-15 12:01:00,1.78,76
2015-09-15 12:06:00,2.83,76
2015-09-15 12:11:00,1.39,89
2015-09-15 12:16:00,2.67,72
2015-09-15 12:21:00,2.44,68
2015-09-15 12:26:00,6.83,81
2015-09-15 12:31:00,4.61,87
2015-09-15 12:36:00,3.72,83
2015-09-15 12:46:00,1.06,88
2015-09-15 12:51:00,3.72,84
2015-09-15 12:56:00,2.28,78
2015-09-15 13:01:00,1.67,76
2015-09-15 13:06:00,2.28,75
2015-09-15 13:11:00,4.67,90
2015-09-15 13:16:00,3.06,88
2015-09-15 13:21:00,2.72,80
2015-09-15 13:26:00,3.72,75
2015-09-15 13:31:00,6.44,80
2015-09-15 13:36:00,1.56,92
2015-09-15 13:46:00,2.28,92
2015-09-15 13:51:00,1.94,90
2015-09-15 13:54:00,0.61,88
2015-09-15 13:59:00,4.61,84
2015-09-15 14:04:00,8.11,78
2015-09-15 14:09:00,2.83,79
2015-09-15 14:14:00,4.89,82
2015-09-15 14:19:00,5.06,90
2015-09-15 14:24:00,4,77
2015-09-15 14:29:00,5.28,87
2015-09-15 14:34:00,5.06,72
2015-09-15 14:39:00,2.67,84
2015-09-15 14:44:00,2.83,74
2015-09-15 14:49:00,4.5,88
2015-09-15 14:54:00,2.33,83
2015-09-15 15:04:00,5.17,76
2015-09-15 15:09:00,5.78,85
2015-09-15 15:14:00,4.39,85
2015-09-15 15:19:00,3.06,85
2015-09-15 15:24:00,4.67,100
2015-09-15 15:29:00,5.39,85
2015-09-15 15:34:00,5.94,86
2015-09-15 15:39:00,1.78,84
2015-09-15 15:44:00,7.11,95
2015-09-15 15:49:00,3.33,92
2015-09-15 15:54:00,5.44,77
2015-09-15 15:59:00,4.5,83
2015-09-15 16:04:00,6.28,79
2015-09-15 16:09:00,5.17,81
2015-09-15 16:14:00,8.78,79
2015-09-15 16:19:00,5.44,98
2015-09-15 16:24:00,6.44,70
2015-09-15 16:29:00,9,85
2015-09-15 16:34:00,4.22,90
2015-09-15 16:39:00,6.06,90
2015-09-15 16:44:00,7.06,93
2015-09-15 16:49:00,4.89,90
2015-09-15 16:54:00,1.39,75
2015-09-15 16:59:00,5.39,78
2015-09-15 17:04:00,1.94,93
2015-09-15 17:09:00,3.83,75
2015-09-15 17:14:00,5,78
2015-09-15 17:19:00,5.78,80
2015-09-15 17:24:00,10.72,88
2015-09-15 17:29:00,10.44,84
2015-09-15 17:34:00,4.28,86
2015-09-15 17:39:00,5.39,85
2015-09-15 17:44:00,3.22,85
2015-09-15 17:49:00,0.61,74
2015-09-15 17:54:00,5.67,92
2015-09-15 18:04:00,5.06,72
2015-09-15 18:09:00,6.28,76
2015-09-15 18:14:00,5.39,94
2015-09-15 18:19:00,2.44,92
2015-09-15 18:24:00,4.67,69
2015-09-15 18:29:00,3.33,76
2015-09-15 18:39:00,2.28,90
2015-09-15 18:44:00,2.06,87
2015-09-15 18:49:00,3.89,86
2015-09-15 18:54:00,1.94,86
2015-09-15 18:59:00,3.33,82
2015-09-15 19:04:00,4.61,80
2015-09-15 19:14:00,5.06,74
2015-09-15 19:24:00,6.94,87
2015-09-15 19:29:00,3.72,71
2015-09-15 19:34:00,1.83,80
2015-09-15 19:44:00,1.67,69
2015-09-15 19:49:00,3.72,81
2015-09-15 19:54:00,3.22,68
2015-09-15 19:59:00,5.83,91
2015-09-15 20:04:00,1.67,82
2015-09-15 20:09:00,2.17,77
2015-09-15 20:14:00,5.28,75
2015-09-15 20:19:00,4.22,73
2015-09-15 20:29:00,1.06,83
2015-09-15 20:34:00,1.17,75
2015-09-15 20:39:00,0.78,68
2015-09-15 20:44:00,1.67,79
2015-09-15 20:49:00,2.28,88
2015-09-15 20:54:00,0.67,82
2015-09-15 20:59:00,4.5,77
2015-09-15 21:04:00,1.28,72
2015-09-15 21:09:00,0.39,77
2015-09-15 21:14:00,0.67,81
2015-09-15 21:19:00,2.33,83
2015-09-15 21:24:00,0.78,76
2015-09-15 21:29:00,2.17,73
2015-09-15 21:34:00,1.94,64
2015-09-15 21:39:00,1.67,75
2015-09-15 21:44:00,1.83,79
2015-09-15 21:59:00,1.67,69
2015-09-15 22:09:00,2.72,78
2015-09-15 22:19:00,0.89,71
2015-09-15 22:24:00,1.56,77
2015-09-15 22:34:00,0.28,87
2015-09-15 22:44:00,0.89,72
2015-09-15 22:59:00,0.67,92
2015-09-15 23:04:00,1.44,86
2015-09-15 23:09:00,0,83
2015-09-15 23:19:00,1.44,89
2015-09-15 23:24:00,0,87
2015-09-15 23:29:00,1,84
2015-09-15 23:34:00,1,81
2015-09-15 23:39:00,2.44,72
2015-09-15 23:44:00,0.61,76
2015-09-15 23:49:00,0.89,79
2015-09-15 23:54:00,1,70
2015-09-16 00:09:00,0.89,78
2015-09-16 00:14:00,1.06,82
2015-09-16 00:19:00,1.83,91
2015-09-16 00:29:00,3.44,97
2015-09-16 00:34:00,0,103
2015-09-16 00:44:00,0,101
2015-09-16 00:49:00,0,105
2015-09-16 00:54:00,1.17,105
2015-09-16 01:04:00,0.28,89
2015-09-16 01:09:00,0.22,92
2015-09-16 01:14:00,0.61,91
2015-09-16 01:19:00,0.78,91
2015-09-16 01:24:00,0,95
2015-09-16 01:29:00,0,92
2015-09-16 01:34:00,0,94
2015-09-16 01:39:00,1.78,88
2015-09-16 02:04:00,1.67,62
2015-09-16 02:09:00,1.67,73
2015-09-16 02:24:00,0.89,87
2015-09-16 02:44:00,0,72
2015-09-16 02:49:00,0.61,67
2015-09-16 02:54:00,1,69
2015-09-16 02:59:00,0.78,57
2015-09-16 03:04:00,1.28,57
2015-09-16 03:14:00,1.17,77
2015-09-16 03:19:00,0.78,85
2015-09-16 03:29:00,0.89,74
2015-09-16 03:34:00,0,76
2015-09-16 03:39:00,1.94,70
2015-09-16 03:44:00,1.17,80
2015-09-16 03:49:00,0.28,80
2015-09-16 03:54:00,1.06,84
2015-09-16 03:59:00,3.44,83
2015-09-16 04:09:00,0.22,80
2015-09-16 04:14:00,1.78,75
2015-09-16 04:29:00,1.94,89
2015-09-16 04:34:00,3.33,85
2015-09-16 04:44:00,0.78,83
2015-09-16 04:49:00,0.67,85
2015-09-16 05:09:00,3.89,93
2015-09-16 05:14:00,6.44,90
2015-09-16 05:19:00,6.33,106
2015-09-16 05:24:00,6.56,94
2015-09-16 05:29:00,13.5,74
2015-09-16 05:39:00,4,98
2015-09-16 05:44:00,5.83,87
2015-09-16 05:49:00,8.78,82
2015-09-16 05:54:00,9.06,95
2015-09-16 05:59:00,8.5,91
2015-09-16 06:04:00,9.17,86
2015-09-16 06:09:00,11.5,81
2015-09-16 06:14:00,10.83,74
2015-09-16 06:19:00,12.22,80
2015-09-16 06:24:00,17.56,71
2015-09-16 06:29:00,13.28,86
2015-09-16 06:34:00,16.11,75
2015-09-16 06:39:00,11.06,82
2015-09-16 06:44:00,14.78,85
2015-09-16 06:49:00,10.44,91
2015-09-16 06:54:00,11.83,76
2015-09-16 06:59:00,14.67,84
2015-09-16 07:04:00,17.17,82
2015-09-16 07:09:00,14.67,77
2015-09-16 07:14:00,10.44,84
2015-09-16 07:19:00,17.56,77
2015-09-16 07:24:00,11.22,85
2015-09-16 07:29:00,10.17,95
2015-09-16 07:34:00,12.22,87
2015-09-16 07:39:00,8,81
2015-09-16 07:44:00,18.67,84
2015-09-16 07:49:00,8.89,84
2015-09-16 07:54:00,10.28,91
2015-09-16 07:59:00,15.83,86
2015-09-16 08:04:00,12.61,86
2015-09-16 08:09:00,5.28,77
2015-09-16 08:14:00,13,77
2015-09-16 08:19:00,8.11,82
2015-09-16 08:24:00,7.72,86
2015-09-16 08:29:00,7.61,84
2015-09-16 08:34:00,5.94,64
2015-09-16 08:39:00,8.11,83
2015-09-16 08:44:00,8.22,80
2015-09-16 08:49:00,4.39,78
2015-09-16 08:54:00,6.72,95
2015-09-16 08:59:00,5.56,93
2015-09-16 09:04:00,6.17,73
2015-09-16 09:09:00,4,86
2015-09-16 09:14:00,6.17,62
2015-09-16 09:19:00,2.72,86
2015-09-16 09:24:00,8.67,84
2015-09-16 09:29:00,3.61,78
2015-09-16 09:34:00,9.28,78
2015-09-16 09:39:00,5.67,79
2015-09-16 09:49:00,3.33,91
2015-09-16 09:54:00,6.44,70
2015-09-16 09:59:00,3.72,76
2015-09-16 10:04:00,1.67,93
2015-09-16 10:09:00,3.33,88
2015-09-16 10:14:00,2.17,83
2015-09-16 10:19:00,6.56,81
2015-09-16 10:24:00,4.39,90
2015-09-16 10:29:00,3.33,96
2015-09-16 10:34:00,2.67,81
2015-09-16 10:39:00,1.67,88
2015-09-16 10:44:00,8.67,70
2015-09-16 10:49:00,3.5,74
2015-09-16 10:54:00,3.61,64
2015-09-16 10:59:00,4.78,81
2015-09-16 11:04:00,2.06,76
2015-09-16 11:09:00,3.5,73
2015-09-16 11:14:00,6.06,83
2015-09-16 11:24:00,3.06,83
2015-09-16 11:29:00,1.44,62
2015-09-16 11:34:00,1.39,68
2015-09-16 11:39:00,2.17,84
2015-09-16 11:44:00,5.39,76
2015-09-16 11:49:00,1.94,81
2015-09-16 11:54:00,2.17,93
2015-09-16 11:59:00,2.17,92
2015-09-16 12:04:00,4.11,68
2015-09-16 12:09:00,4.28,84
2015-09-16 12:14:00,1.67,83
2015-09-16 12:19:00,6.44,85
2015-09-16 12:24:00,3.5,71
2015-09-16 12:29:00,4.67,78
2015-09-16 12:34:00,2.94,77
2015-09-16 12:39:00,2.72,77
2015-09-16 12:44:00,2.17,88
2015-09-16 12:49:00,1.67,80
2015-09-16 12:54:00,4.22,89
2015-09-16 12:59:00,2.33,89
2015-09-16 13:04:00,2.33,80
2015-09-16 13:09:00,1.67,72
2015-09-16 13:14:00,4.89,88
2015-09-16 13:19:00,2.56,72
2015-09-16 13:24:00,4.22,85
2015-09-16 13:29:00,2.56,85
2015-09-16 13:34:00,1.67,89
2015-09-16 13:39:00,6.17,82
2015-09-16 13:44:00,1.83,87
2015-09-16 13:54:00,4.28,69
2015-09-16 13:59:00,3.5,78
2015-09-16 14:04:00,2.94,87
2015-09-16 14:09:00,8,82
2015-09-16 14:14:00,3.44,78
2015-09-16 14:19:00,3.83,91
2015-09-16 14:24:00,6.83,83
2015-09-16 14:29:00,5.94,73
2015-09-16 14:30:00,2.94,75
2015-09-16 14:35:00,1.44,75
2015-09-16 14:40:00,4.5,83
2015-09-16 14:50:00,1.39,84
2015-09-16 14:55:00,4.11,85
2015-09-16 15:00:00,1.17,85
2015-09-16 15:05:00,5.28,86
2015-09-16 15:10:00,4.11,79
2015-09-16 15:15:00,2.83,85
2015-09-16 15:20:00,1.83,83
2015-09-16 15:25:00,4.89,78
2015-09-16 15:30:00,3.61,94
2015-09-16 15:35:00,2.17,83
2015-09-16 15:40:00,5.78,73
2015-09-16 15:45:00,7.5,67
2015-09-16 15:50:00,6.06,83
2015-09-16 15:55:00,1.06,81
2015-09-16 16:00:00,8.67,83
2015-09-16 16:05:00,4.11,68
2015-09-16 16:10:00,4.28,77
2015-09-16 16:15:00,3.06,70
2015-09-16 16:20:00,6.06,75
2015-09-16 16:25:00,5.83,74
2015-09-16 16:30:00,2.44,87
2015-09-16 16:35:00,2.28,85
2015-09-16 16:40:00,4.61,93
2015-09-16 16:45:00,5.56,75
2015-09-16 16:55:00,5.83,99
2015-09-16 17:00:00,3.11,84
2015-09-16 17:05:00,3.89,87
2015-09-16 17:10:00,2.83,82
2015-09-16 17:15:00,3.44,84
2015-09-16 17:20:00,2.44,76
2015-09-16 17:25:00,1.44,98
2015-09-16 17:30:00,5.56,87
2015-09-16 17:35:00,4.78,94
2015-09-16 17:45:00,3.61,92
2015-09-16 17:50:00,1.39,83
2015-09-16 17:55:00,0.67,76
2015-09-16 18:00:00,5.94,71
2015-09-16 18:05:00,3.83,84
2015-09-16 18:10:00,4.61,87
2015-09-16 18:15:00,5.83,90
2015-09-16 18:20:00,4,76
2015-09-16 18:30:00,5.94,89
2015-09-16 18:35:00,1.83,95
2015-09-16 18:40:00,1.94,84
2015-09-16 18:45:00,1.83,72
2015-09-16 18:50:00,2.72,83
2015-09-16 18:55:00,3.11,68
2015-09-16 19:00:00,4.89,93
2015-09-16 19:05:00,0.89,76
2015-09-16 19:10:00,2.33,93
2015-09-16 19:15:00,1.56,93
2015-09-16 19:20:00,2.72,88
2015-09-16 19:25:00,2.83,93
2015-09-16 19:30:00,2.33,84
2015-09-16 19:35:00,2.83,71
2015-09-16 19:40:00,3.06,72
2015-09-16 19:45:00,6.44,79
2015-09-16 19:50:00,1.56,79
2015-09-16 19:55:00,4.39,88
2015-09-16 20:00:00,1.39,80
2015-09-16 20:05:00,4.11,64
2015-09-16 20:10:00,1.44,78
2015-09-16 20:15:00,1.56,89
2015-09-16 20:20:00,4.67,82
2015-09-16 20:25:00,0.67,86
2015-09-16 20:30:00,5.67,81
2015-09-16 20:35:00,2.67,69
2015-09-16 20:40:00,1.28,68
2015-09-16 20:45:00,2.06,86
2015-09-16 20:50:00,2.72,93
2015-09-16 20:55:00,3.89,76
2015-09-16 21:00:00,1.06,80
2015-09-16 21:15:00,2.44,80
2015-09-16 21:20:00,1.44,82
2015-09-16 21:30:00,2.44,77
2015-09-16 21:35:00,4.39,78
2015-09-16 21:40:00,1.56,76
2015-09-16 21:45:00,1.94,73
2015-09-16 21:50:00,3.61,63
2015-09-16 21:55:00,1.28,63
2015-09-16 21:59:00,1.44,71
2015-09-16 22:05:00,0,82
2015-09-16 22:10:00,1.83,74
2015-09-16 22:14:00,0.67,75
2015-09-16 22:20:00,0.39,75
2015-09-16 22:25:00,1.67,89
2015-09-16 22:30:00,1,96
2015-09-16 22:35:00,2.06,75
2015-09-16 22:40:00,0.39,76
2015-09-16 22:45:00,0,89
2015-09-16 23:00:00,0.61,93
2015-09-16 23:05:00,0,85
2015-09-16 23:10:00,0.28,73
2015-09-16 23:15:00,0.5,77
2015-09-16 23:20:00,0,81
2015-09-16 23:40:00,0,63
2015-09-16 23:45:00,0,65
2015-09-16 23:50:00,0.39,66
2015-09-17 00:00:00,1.94,75
2015-09-17 00:10:00,1.56,58
2015-09-17 00:15:00,2.28,57
2015-09-17 00:25:00,0.39,78
2015-09-17 00:50:00,0.39,81
2015-09-17 00:59:00,2.28,83
2015-09-17 01:05:00,1.94,74
2015-09-17 01:15:00,1.06,68
2015-09-17 01:25:00,0,74
2015-09-17 01:40:00,0,71
2015-09-17 01:45:00,1.06,73
2015-09-17 01:50:00,0.67,74
2015-09-17 01:55:00,0,80
2015-09-17 02:00:00,0,78
2015-09-17 02:05:00,1.28,77
2015-09-17 02:15:00,0.67,83
2015-09-17 02:20:00,1,83
2015-09-17 02:25:00,0.67,84
2015-09-17 02:35:00,0.89,91
2015-09-17 02:40:00,0,93
2015-09-17 02:45:00,2.06,93
2015-09-17 02:50:00,0,91
2015-09-17 02:55:00,0.5,88
2015-09-17 03:00:00,0,84
2015-09-17 03:05:00,1.83,86
2015-09-17 03:10:00,2.56,80
2015-09-17 03:15:00,0,73
2015-09-17 03:20:00,0.39,71
2015-09-17 03:30:00,0.89,70
2015-09-17 03:35:00,2.28,69
2015-09-17 03:40:00,0,75
2015-09-17 03:45:00,0.89,82
2015-09-17 03:50:00,0,69
2015-09-17 03:55:00,0.28,70
2015-09-17 04:00:00,0,64
2015-09-17 04:05:00,0,66
2015-09-17 04:10:00,0.28,75
2015-09-17 04:15:00,3.33,81
2015-09-17 04:20:00,0.78,80
2015-09-17 04:25:00,1.39,84
2015-09-17 04:30:00,0.89,85
2015-09-17 04:35:00,5.28,87
2015-09-17 04:40:00,1.83,80
2015-09-17 04:45:00,2.83,71
2015-09-17 04:50:00,2.28,73
2015-09-17 04:55:00,2.28,74
2015-09-17 05:00:00,1.83,85
2015-09-17 05:05:00,3.33,82
2015-09-17 05:10:00,4.67,83
2015-09-17 05:15:00,1.28,85
2015-09-17 05:20:00,3.89,90
2015-09-17 05:25:00,6.56,82
2015-09-17 05:30:00,7.44,87
2015-09-17 05:35:00,7.06,88
2015-09-17 05:40:00,7.61,78
2015-09-17 05:45:00,5.56,88
2015-09-17 05:50:00,7.5,85
2015-09-17 05:55:00,7.72,81
2015-09-17 06:00:00,14.06,82
2015-09-17 06:05:00,11.06,76
2015-09-17 06:10:00,8.61,88
2015-09-17 06:15:00,16.33,83
2015-09-17 06:20:00,13.28,73
2015-09-17 06:25:00,16.61,75
2015-09-17 06:30:00,14.44,71
2015-09-17 06:35:00,16.78,75
2015-09-17 06:40:00,18.17,74
2015-09-17 06:45:00,14.67,80
2015-09-17 06:50:00,16.78,62
2015-09-17 06:55:00,8.89,66
2015-09-17 07:00:00,10.83,28
2015-09-17 07:05:00,8.5,68
2015-09-17 07:10:00,1.28,59
2015-09-17 07:15:00,2.83,20
2015-09-17 07:20:00,16.78,67
2015-09-17 07:25:00,8.11,61
2015-09-17 07:30:00,1.28,59
2015-09-17 07:35:00,5.39,29
2015-09-17 07:40:00,19.17,54
2015-09-17 07:45:00,6.67,86
2015-09-17 07:50:00,8.11,80
2015-09-17 07:55:00,9.39,68
2015-09-17 08:00:00,12.89,78
2015-09-17 08:05:00,8.67,89
2015-09-17 08:10:00,6.94,89
2015-09-17 08:15:00,12.72,89
2015-09-17 08:20:00,8.67,87
2015-09-17 08:25:00,6.06,81
2015-09-17 08:30:00,4,82
2015-09-17 08:35:00,8.78,82
2015-09-17 08:40:00,6.83,66
2015-09-17 08:45:00,5.78,53
2015-09-17 08:50:00,6.06,69
2015-09-17 08:55:00,4.61,71
2015-09-17 09:00:00,3.22,53
2015-09-17 09:05:00,4.22,70
2015-09-17 09:10:00,13.39,72
2015-09-17 09:15:00,6.28,75
2015-09-17 09:20:00,9.56,74
2015-09-17 09:25:00,12.39,87
2015-09-17 09:30:00,2.33,70
2015-09-17 09:35:00,5,77
2015-09-17 09:40:00,6.56,73
2015-09-17 09:45:00,4.67,70
2015-09-17 09:50:00,2.94,64
2015-09-17 09:55:00,6.17,68
2015-09-17 10:00:00,1,85
2015-09-17 10:05:00,7.11,70
2015-09-17 10:10:00,3.61,66
2015-09-17 10:15:00,3.22,80
2015-09-17 10:20:00,7.61,75
2015-09-17 10:25:00,3.06,74
2015-09-17 10:30:00,2.06,73
2015-09-17 10:35:00,5.83,67
2015-09-17 10:40:00,4.22,65
2015-09-17 10:45:00,4.5,79
2015-09-17 10:50:00,4.5,78
2015-09-17 10:55:00,1.44,76
2015-09-17 11:05:00,0.67,91
2015-09-17 11:10:00,5.56,87
2015-09-17 11:15:00,2.56,82
2015-09-17 11:20:00,3.33,92
2015-09-17 11:25:00,3.61,83
2015-09-17 11:30:00,5.78,82
2015-09-17 11:35:00,5.17,83
2015-09-17 11:40:00,6.56,67
2015-09-17 11:45:00,3.72,89
2015-09-17 11:50:00,2.28,80
2015-09-17 11:55:00,5.39,79
2015-09-17 12:00:00,2.06,87
2015-09-17 12:05:00,4.78,87
2015-09-17 12:10:00,5.94,77
2015-09-17 12:15:00,3.83,80
2015-09-17 12:20:00,3.22,84
2015-09-17 12:25:00,6.94,90
2015-09-17 12:30:00,1,87
2015-09-17 12:35:00,1.83,82
2015-09-17 12:40:00,3.5,83
2015-09-17 12:45:00,2.56,77
2015-09-17 12:50:00,3.83,86
2015-09-17 12:55:00,5,97
2015-09-17 13:00:00,3.06,87
2015-09-17 13:05:00,1.28,91
2015-09-17 13:10:00,2.33,75
2015-09-17 13:15:00,2.44,89
2015-09-17 13:20:00,5.06,77
2015-09-17 13:25:00,2.83,75
2015-09-17 13:30:00,4.89,83
2015-09-17 13:35:00,1.56,85
2015-09-17 13:40:00,2.67,83
2015-09-17 13:45:00,2.17,77
2015-09-17 13:50:00,5.67,75
2015-09-17 13:55:00,2.06,72
2015-09-17 14:00:00,3.83,79
2015-09-17 14:05:00,5.94,84
2015-09-17 14:10:00,3.89,71
2015-09-17 14:15:00,5.06,80
2015-09-17 14:20:00,6.94,71
2015-09-17 14:25:00,0,79
2015-09-17 14:30:00,5.39,83
2015-09-17 14:34:00,4.67,88
2015-09-17 14:39:00,5.67,78
2015-09-17 14:44:00,6.06,97
2015-09-17 14:49:00,7.22,81
2015-09-17 14:54:00,2.94,93
2015-09-17 14:58:00,3.06,77
2015-09-17 15:04:00,3.44,81
2015-09-17 15:08:00,3.89,74
2015-09-17 15:13:00,2.56,90
2015-09-17 15:18:00,2.72,77
2015-09-17 15:23:00,6.28,80
2015-09-17 15:28:00,2.83,88
2015-09-17 15:34:00,4.11,84
2015-09-17 15:38:00,5.78,78
2015-09-17 15:43:00,7.89,91
2015-09-17 15:48:00,4.22,83
2015-09-17 15:49:00,2.83,80
2015-09-17 15:54:00,4.5,77
2015-09-17 15:59:00,11.11,82
2015-09-17 16:04:00,9.28,81
2015-09-17 16:09:00,5.06,89
2015-09-17 16:14:00,3.44,87
2015-09-17 16:19:00,8.5,82
2015-09-17 16:24:00,5.56,83